qa.supermap.com,anquanke.com,jb51.net,bkjw.whu.edu.cn,bilibili.com,bing.com,8090g.cn,3g.163.com,baidu.com,php.cn,gov.cn,weread.qnmlgb.tech,aejoelaoggembcahagimdiliamlcdmfm,search.bilibili.com,download.csdn.net,cloud.tencent.com,jianshu.com,space.bilibili.com,coolpython.net,127.0.0.1:8081,zhuanlan.zhihu.com,kuaidaili.com,tool.lu,zhidao.baidu.com,unixtime.51240.com,weread.qq.com,c.biancheng.net,account.cnblogs.com,freebuf.com,juejin.im,open.weixin.qq.com,cnblogs.com,runoob.com,xloreapi.docs.apiary.io,jingyan.baidu.com,imooc.com,ask.csdn.net,cxjk.com,mitmproxy.org,imququ.com,zgserver.com,bbs.csdn.net,login.microsoftonline.com,mitmproxy.readthedocs.io,zzk.cnblogs.com,vip.jlsprh.com,blog.csdn.net,ask.zol.com.cn,greenrobot.me,baike.baidu.com,codenong.com,my.oschina.net,cn.bing.com,crifan.com,hao123.com,127.0.0.1:8080,csdn.net,cuiqingcai.com,openkg.cn,zhangshengrong.com,mbd.baidu.com
bkjw.whu.edu.cn,zky.name,bing.com,docs.xloreapi.apiary.io,jianshu.com,blog.chinaunix.net,zhuanlan.zhihu.com,weread.qq.com,xlore.org,cnblogs.com,runoob.com,xloreapi.docs.apiary.io,github.com,kgopen.baidu.com,batmanit.com,blog.csdn.net,baike.baidu.com,cn.bing.com,csdn.net,openkg.cn
similarweb.com,documenter.getpostman.com,jb51.net,nmap.org,bing.com,similarsites.com,manageengine.cn,php.cn,download.csdn.net,weread.qnmlgb.tech,webook.qnmlgb.tech,aejoelaoggembcahagimdiliamlcdmfm,cloud.tencent.com,jianshu.com,go.postman.co,nav.wsoso.com,chrome.google.com,zhihu.com,qnmlgb.tech,stackoverflow.com,zhuanlan.zhihu.com,techweb.com.cn,weread.qq.com,jiqizhixin.com,stackoverrun.com,cnblogs.com,runoob.com,mp.weixin.qq.com,account.similarweb.com,jingyan.baidu.com,accounts.google.com,developer.similarweb.com,github.com,bejson.com,oschina.net,bbs.csdn.net,pro.similarweb.com,identity.getpostman.com,blog.csdn.net,baike.baidu.com,wenku.baidu.com,cn.bing.com,osgeo.cn,tjupt.org
iikmkjmpaadaobahmlepeloendndfphd,bkjw.whu.edu.cn,pan.baidu.com,jx.618g.com,ai.baidu.com,link.zhihu.com,bing.com,8090g.cn,help.aliyun.com,weread.qnmlgb.tech,jianshu.com,zhuanlan.zhihu.com,weread.qq.com,kaggle.com,cnblogs.com,runoob.com,youku.com,blog.csdn.net,baike.baidu.com,v.youku.com,cn.bing.com,passport.baidu.com
theiphonewiki.com,bilibili.com,bing.com,download.csdn.net,weread.qnmlgb.tech,cloud.tencent.com,jianshu.com,zhuanlan.zhihu.com,so.csdn.net,weread.qq.com,kaggle.com,docs.amazonaws.cn,mp.weixin.qq.com,passport.weibo.com,github.com,bbs.csdn.net,xjishu.com,blog.csdn.net,wenku.baidu.com,cn.bing.com,weibo.com,csdn.net,raw.githubusercontent.com
iplaysoft.com,jiexi.071811.cc,live.bilibili.com,jx.618g.com,bilibili.com,link.zhihu.com,bing.com,webook.qnmlgb.tech,weread.qnmlgb.tech,search.bilibili.com,ishare.ifeng.com,space.bilibili.com,ink.qq.com,nav.wsoso.com,zhihu.com,so.iqiyi.com,kaola.com,fishlee.net,qnmlgb.tech,zhuanlan.zhihu.com,ccava.net,search.kaola.com,weread.qq.com,cps.kaola.com,softv.cn,cnblogs.com,fosshub.com,runoob.com,carrotchou.blog,jingyan.baidu.com,coolapk.com,github.com,iqiyi.com,c.landian.vip,blog.csdn.net,duomoyu.com,baike.baidu.com,reader.qq.com,pages.kaola.com,v.youku.com,cn.bing.com,c.duomai.com,3g.163.com
jiexi.071811.cc,jx.618g.com,bilibili.com,jzsjyksy.com,bing.com,8090g.cn,microsoftedgeinsider.com,support.office.com,login.microsoft.com,support.microsoft.com,weread.qnmlgb.tech,search.bilibili.com,zhongkao.com,aka.ms,jianshu.com,templates.office.com,hokifickgkhplphjiodbggjmoafhignh,dl.pconline.com.cn,zhuanlan.zhihu.com,microsoftedge.microsoft.com,weread.qq.com,jingzhou.cjyun.org,account.microsoft.com,cnblogs.com,login.live.com,docs.microsoft.com,github.com,51test.net,jx.598110.com,microsoft.com,creditsailing.com,youku.com,list.youku.com,login.microsoftonline.com,graph.baidu.com,mail.qq.com,vip.jlsprh.com,blog.csdn.net,news.koolearn.com,v.youku.com,cn.bing.com,go.microsoft.com,sohu.com
jiexi.071811.cc,bilibili.com,so.youku.com,bing.com,8090g.cn,download.csdn.net,tv.wandhi.com,search.bilibili.com,jianshu.com,so.iqiyi.com,weread.qq.com,cnblogs.com,jx.598110.com,iqiyi.com,vip.jlsprh.com,blog.csdn.net,v.youku.com,cn.bing.com,img-blog.csdnimg.cn
iikmkjmpaadaobahmlepeloendndfphd,bilibili.com,8090g.cn,baidu.com,php.cn,tv.wandhi.com,film.qq.com,cloud.tencent.com,yisu.com,jianshu.com,chrome.google.com,zhihu.com,ntop.org,jidusm.wrste.com,allchina.cn,tieba.baidu.com,docs.microsoft.com,ocr.space,ask.csdn.net,jx.598110.com,tvsou.com,baike.baidu.com,ocrmaker.com,historygraph.io,download.csdn.net,product.pconline.com.cn,woshipm.com,zhidao.baidu.com,youtube.com,epg.sports8.cc,it1352.com,v.qq.com,mgtv.com,sports8.cc,v.youku.com,me.csdn.net,jb51.net,tvyan.com,bing.com,weread.qnmlgb.tech,sspai.com,so.iqiyi.com,gkocr.com,zhiboba.org,weread.qq.com,findme.wang,cnblogs.com,github.com,c.runoob.com,translucenttb.github.io,so.mgtv.com,66zhibo.net,git-scm.com,iqiyi.com,google.com,segmentfault.com,recomm.cnblogs.com,passport.baidu.com,tjupt.org,jiexi.071811.cc,bkjw.whu.edu.cn,link.zhihu.com,support.microsoft.com,nav.wsoso.com,tianmaotv.cn,forum.xitek.com,zhuanlan.zhihu.com,bazhuayu.com,live.mgtv.com,so.csdn.net,kanqiubao.com,runoob.com,jingyan.baidu.com,ikulive.com,landiannews.com,blog.csdn.net,cn.bing.com,baijiahao.baidu.com,cool-admin.com
bkjw.whu.edu.cn,pan.baidu.com,passport.jd.com,baidu.com,item.jd.com,pro.jd.com,zhihu.com,apps.apple.com,juyifx.cn,52pojie.cn,weread.qq.com,search.jd.com,open.weixin.qq.com,iservice.10010.com,52kaoyan.cn,chinaunicom.com.cn,qq.jd.com,cart.jd.com,amazon.com,info.10010.com,sohu.com,10010.com,jd.com,amazon.cn
book.kongfz.com,520webtool.com,iikmkjmpaadaobahmlepeloendndfphd,pan.baidu.com,banshujiang.cn,bashi5.org,search.chongbuluo.com,link.zhihu.com,itpub.net,baidu.com,weread.qnmlgb.tech,yanxueshe.100xuexi.com,max.book118.com,zhihu.com,cn.epubee.com,cnedu.cn,zhidao.baidu.com,weread.qq.com,doc.wpan123.com,vdisk.weibo.com,download.kaoyan.com,d.wanfangdata.com.cn,tieba.baidu.com,mp.weixin.qq.com,yz.kaoyan.com,xiaobaipan.com,kongfz.com,github.com,kaoyan.com,muchong.com,blog.csdn.net,baike.baidu.com,chongbuluo.com,yunpanjingling.com,baijiahao.baidu.com,passport.baidu.com,tjupt.org
kuaibao.qq.com,iikmkjmpaadaobahmlepeloendndfphd,pan.baidu.com,bilibili.com,extensions-manager.com,baidu.com,weread.qnmlgb.tech,jianshu.com,ogdlpmhglpejoiomcodnpjnfgcpmgale,aria2c.com,kguowai.com,ink.qq.com,appinn.com,zhihu.com,chrome.google.com,w3cschool.cn,zhuanlan.zhihu.com,vscode-sqltools.mteixeira.dev,microsoftedge.microsoft.com,zhidao.baidu.com,weread.qq.com,a.paddle.com,mongodb.com,gjldcdngmdknpinoemndlidpcabkggco,manning.com,custom-cursor.com,cnblogs.com,mp.weixin.qq.com,runoob.com,jingyan.baidu.com,github.com,dazhuanlan.com,pc.yiyouliao.com,vscode.pro,ithome.com,blog.csdn.net,google.com,read.ahmm.cn,baijiahao.baidu.com,passport.baidu.com
iikmkjmpaadaobahmlepeloendndfphd,jb51.net,link.zhihu.com,baidu.com,download.csdn.net,riverbankcomputing.com,v2ex.com,electronjs.org,jianshu.com,zhihu.com,webhek.com,zhuanlan.zhihu.com,urlgot.cn,fontpalace.com,cnblogs.com,tianqiweiqi.com,runoob.com,pyqt.sourceforge.net,passport.csdn.net,code.py40.com,v.urlgot.cn,visualstudio.microsoft.com,github.com,visualstudio.com,sqlite.org,logosc.cn,bbs.csdn.net,yuanliao.info,blog.csdn.net,zcool.com.cn,baike.baidu.com,dormousehole.readthedocs.io,maicss.gitbooks.io,baijiahao.baidu.com,csdn.net,hao.199it.com
iikmkjmpaadaobahmlepeloendndfphd,baidu.com,csdn.net,cnblogs.com,cppblog.com
jz5u.com,iikmkjmpaadaobahmlepeloendndfphd,dog1.52dog.cloud,baidu.com,wenwen.sogou.com,ruanyifeng.com,zhidao.baidu.com,gantt.mindsup.com.cn,cnblogs.com,youtube.com,runoob.com,dog1.52dog.xyz,passport.csdn.net,jingyan.baidu.com,docs.microsoft.com,github.com,voidcn.com,douban.com,mail.qq.com,cppblog.com,blog.csdn.net,ask.zol.com.cn,baike.baidu.com,wenku.baidu.com,go.microsoft.com,baijiahao.baidu.com,solvusoft.com,odfafepnkmbhccpbejgmiehpchacaeak
iikmkjmpaadaobahmlepeloendndfphd,bkjw.whu.edu.cn,baidu.com,cnblogs.com,runoob.com
ping.huatuo.qq.com,blog.csdn.net,ke.qq.com,wenku.baidu.com,m.ke.qq.com,baidu.com,cnblogs.com,blog.51cto.com
blog.csdn.net,baike.baidu.com,bit-calculator.com,zhidao.baidu.com,baidu.com
iikmkjmpaadaobahmlepeloendndfphd,oomake.com,baidu.com,ox.ac.uk,cloud.tencent.com,jianshu.com,gaia.cs.umass.edu,cam.ac.uk,feater.top,cnblogs.com,jingyan.baidu.com,wx.mail.qq.com,github.com,it1352.com,blog.sciencenet.cn,mail.qq.com,wenku.baidu.com,uzh.ch,raw.githubusercontent.com
blog.csdn.net,zvon.org,iikmkjmpaadaobahmlepeloendndfphd,passport.csdn.net,github.com,zhidao.baidu.com,wenku.baidu.com,docs.scrapy.org,huajiakeji.com,baidu.com,selectorgadget.com,zxcs.me,calibre-ebook.com,max.book118.com,jianshu.com,docs.python.org,quotes.toscrape.com
iptv.tsinghua.edu.cn,id.tsinghua.edu.cn,iikmkjmpaadaobahmlepeloendndfphd,mail.google.com,baidu.com,download.csdn.net,jianshu.com,greasyfork.org,zxcs.me,accounts.google.com.hk,cnblogs.com,runoob.com,passport.csdn.net,accounts.google.com,github.com,coding.imooc.com,blog.csdn.net,tampermonkey.net,segmentfault.com,baijiahao.baidu.com,zxcs.info
profile.oracle.com,iikmkjmpaadaobahmlepeloendndfphd,sc.com,sevone.com,baidu.com,meeting.qq.com,login.oracle.com,docs.oracle.com,citi.com,cytonnreport.com,whu.edu.cn,appdynamics.com,iteye.com,go.heroix.com,cnblogs.com,meeting.tencent.com,koolshare.cn,cboe.com,github.com,citibank.com,proshareng.com,mail.qq.com,blog.csdn.net,w3school.com.cn,baike.baidu.com,investopedia.com,google.com,greenboy1.iteye.com,oracle.com
cas.whu.edu.cn,iikmkjmpaadaobahmlepeloendndfphd,pan.baidu.com,bilibili.com,baidu.com,mooc1.mooc.whu.edu.cn,mooc.whu.edu.cn,saladict.crimx.com,cnblogs.com,passport2.mooc.whu.edu.cn,github.com,maven.aliyun.com,sourceforge.net,search.maven.org,iqiyi.com,blog.csdn.net,i.mooc.mooc.whu.edu.cn,api.weibo.com,cdonnmffkdaoajfknoeeecmchibpmkmg,passport.baidu.com,www1.mooc.whu.edu.cn
docin.com,blog.csdn.net,github.com,zhidao.baidu.com,wenku.baidu.com,baidu.com,wenda.tianya.cn,tieba.baidu.com
timerd.me,iikmkjmpaadaobahmlepeloendndfphd,bilibili.com,baidu.com,iqiyi.com
4399.com,bilibili.com,chuyu.me,dangjian.people.com.cn,baidu.com,download.csdn.net,chinanews.com,search.bilibili.com,mooc1.mooc.whu.edu.cn,jianshu.com,matools.com,sspai.com,kguowai.com,aka.ms,educoder.net,chrome.google.com,haokan.baidu.com,mooc.whu.edu.cn,zhuanlan.zhihu.com,zhidao.baidu.com,collinsdictionary.com,ssl.ptlogin2.qq.com,gaia.cs.umass.edu,translate.google.cn,pub.dev,getquicker.net,saladict.crimx.com,newsmth.net,news.cyol.com,jingyan.baidu.com,github.com,u.tools,addoncrop.com,yuanliao.info,mail.qq.com,blog.csdn.net,i.mooc.mooc.whu.edu.cn,docs.qq.com,pub.dartlang.org,ke.qq.com,mgtv.com,google.com,wenku.baidu.com,cn.bing.com,flutterchina.club,baijiahao.baidu.com,ssl.ptlogin2.mail.qq.com,oracle.com,links.jianshu.com,cdonnmffkdaoajfknoeeecmchibpmkmg,tjupt.org,link.jianshu.com
cas.whu.edu.cn,bilibili.com,baidu.com,mooc1.mooc.whu.edu.cn,search.bilibili.com,space.bilibili.com,mooc.whu.edu.cn,ssl.ptlogin2.qq.com,tieba.baidu.com,passport2.mooc.whu.edu.cn,github.com,mail.qq.com,i.mooc.mooc.whu.edu.cn,docs.qq.com,ke.qq.com,amazon.com,ssl.ptlogin2.mail.qq.com,amazon.cn,www1.mooc.whu.edu.cn
timerd.me,iikmkjmpaadaobahmlepeloendndfphd,jingyan.baidu.com,baike.baidu.com,teamviewer.cn,bilibili.com,teamviewer.com,space.bilibili.com,baidu.com,ssl.ptlogin2.mail.qq.com,support.microsoft.com,search.bilibili.com,login.teamviewer.com,eggvod.cn,iqiyi.com,mail.qq.com
cas.whu.edu.cn,i.mooc.mooc.whu.edu.cn,iikmkjmpaadaobahmlepeloendndfphd,mooc.whu.edu.cn,jingyan.baidu.com,ke.qq.com,bilibili.com,github.com,passport2.mooc.whu.edu.cn,m.ke.qq.com,baidu.com,mooc1.mooc.whu.edu.cn,search.bilibili.com,gitee.com,url.cn,space.bilibili.com,www1.mooc.whu.edu.cn
